codigo_autor;nome_na_fonte;deputado_id;nome_camara;sinais;n_sinais;classe;ufs_do_gasto;conferido_por_humano
4291;ADAIL FILHO;220714;Adail Filho;nome;1;1 sinais;;
3902;AJ ALBUQUERQUE;204549;AJ Albuquerque;nome;1;1 sinais;;
3046;ANDRE FUFUCA;178882;ANDRÉ FUFUCA;nome;1;1 sinais;;
4307;ANTONIO DOIDO;220675;Antônio Doido;nome;1;1 sinais;;
4313;BETO PRETO;220698;Beto Preto;nome;1;1 sinais;;
4314;BETO RICHA;220683;Beto Richa;nome;1;1 sinais;;
3926;CAPITAO ALBERTO NETO;204572;Capitão Alberto Neto;nome;1;1 sinais;;
3064;CAPITAO AUGUSTO;178829;CAPITÃO AUGUSTO;nome;1;1 sinais;;
4201;CARLOS FAVARO;SF6295;Carlos Fávaro;nome;1;1 sinais;;
3938;CEZINHA DE MADUREIRA;204504;Cezinha de Madureira;nome;1;1 sinais;;
2900;CIRO NOGUEIRA;SF739;Ciro Nogueira;nome;1;1 sinais;;
4267;CLEITINHO;SF6337;Cleitinho;nome;1;1 sinais;;
3945;CORONEL CHRISOSTOMO;204378;Coronel Chrisóstomo;nome;1;1 sinais;;
3787;DAVI ALCOLUMBRE;SF3830;Davi Alcolumbre;nome;1;1 sinais;;
4354;DETINHA;220689;Detinha;nome;1;1 sinais;;
4359;DR. BENJAMIM;221339;Dr Benjamim;nome;1;1 sinais;;
3960;DR. FREDERICO;204518;DR. FREDERICO;nome;1;1 sinais;;
4362;DR. VICTOR LINHALIS;220528;Dr. Victor Linhalis;nome;1;1 sinais;;
4363;DRA. ALESSANDRA HABER;220674;Dra. Alessandra Haber;nome;1;1 sinais;;
4543;DRA. MAYRA PINHEIRO;230088;Dra. Mayra Pinheiro;nome;1;1 sinais;;
2909;EDUARDO BRAGA;SF4994;Eduardo Braga;nome;1;1 sinais;;
3093;EVAIR VIEIRA DE MELO;178871;EVAIR DE MELO;tokens;1;1 sinais;;
4371;FAUSTO SANTOS JR.;220712;Fausto Santos Jr.;nome;1;1 sinais;;
4101;GUSTINHO RIBEIRO;204408;Gustinho Ribeiro;nome;1;1 sinais;SP;
4016;HERCILIO COELHO DINIZ;204539;Hercílio Coelho Diniz;nome;1;1 sinais;;
4018;ISNALDO BULHOES JR.;204436;Isnaldo Bulhões Jr.;nome;1;1 sinais;;
4136;IZALCI LUCAS;SF4770;Izalci Lucas;nome;1;1 sinais;;
9206;JORGE KAJURU;SF5895;Jorge Kajuru;nome;1;1 sinais;;
4400;JOSENILDO;220578;Josenildo;nome;1;1 sinais;;
4024;JOSIMAR MARANHAOZINHO;204563;Josimar Maranhãozinho;nome;1;1 sinais;;
2762;LUIS TIBE;160510;LUIS TIBE;nome;1;1 sinais;;
9224;MARCOS ROGERIO;SF5422;Marcos Rogério;nome;1;1 sinais;;
3794;OMAR AZIZ;SF5525;Omar Aziz;nome;1;1 sinais;;
4448;PEZENTI;161440;Pezenti;nome;1;1 sinais;;
4057;PINHEIRINHO;204524;Pinheirinho;nome;1;1 sinais;;
4200;RIBAMAR ANTONIO DA SILVA (EX-PARLAMENTAR RICARDO SILVA, NOS TERMOS ART. 78 LDO 2;175765;Ribamar Silva;tokens;1;1 sinais;;
2818;TIRIRICA;160976;TIRIRICA;nome;1;1 sinais;;
4074;VERMELHO;204396;VERMELHO;nome;1;1 sinais;;
2969;WILDER MORAIS;SF5070;Wilder Morais;nome;1;1 sinais;;
3900;ADRIANO DO BALDY;121948;ADRIANO DO BALDY;nome,UF;2;2 sinais;GO;
2098;AFONSO HAMM;136811;AFONSO HAMM;nome,UF;2;2 sinais;RS;
3901;AIRTON FALEIRO;204495;AIRTON LUIZ FALEIRO;tokens,UF;2;2 sinais;PA;
4394;ALAN RICK;SF5672;Alan Rick;nome,UF;2;2 sinais;AC,SP;
4293;ALBUQUERQUE;220538;Albuquerque;nome,UF;2;2 sinais;RR;
4144;ALESSANDRO VIEIRA;SF5982;Alessandro Vieira;nome,UF;2;2 sinais;SE;
3037;ALEX MANENTE;178972;ALEX MANENTE;nome,tokens;2;2 sinais;;
2796;ALEXANDRE LEITE;160545;ALEXANDRE LEITE;nome,tokens;2;2 sinais;;
4258;ALFREDINHO;221148;Alfredinho;nome,UF;2;2 sinais;SP;
4300;ANA PAULA LEAO;107970;Ana Paula Leão;nome,UF;2;2 sinais;MG;
4283;ANA PAULA LOBATO;SF6358;Ana Paula Lobato;nome,UF;2;2 sinais;MA;
4304;ANDREIA SIQUEIRA;220676;Andreia Siqueira;nome,tokens;2;2 sinais;;
4179;ANGELO CORONEL;SF5967;Angelo Coronel;nome,UF;2;2 sinais;BA;
2686;ANTONIA LUCIA;123756;ANTÔNIA LÚCIA;nome,UF;2;2 sinais;AC;
3135;ARLINDO CHINAGLIA;73433;ARLINDO CHINAGLIA;nome,UF;2;2 sinais;SP;
4265;ASTRONAUTA MARCOS PONTES;SF6009;Astronauta Marcos Pontes;nome,UF;2;2 sinais;SP;
2778;AUREO RIBEIRO;160512;AUREO;tokens,UF;2;2 sinais;RJ;
3051;BACELAR;69871;BACELAR;nome,UF;2;2 sinais;BA;
4312;BEBETO;220612;Bebeto;nome,UF;2;2 sinais;RJ;
4266;BETO FARO;SF4639;Beto Faro;nome,UF;2;2 sinais;PA;
3918;BETO PEREIRA;204358;Beto Pereira;nome,UF;2;2 sinais;MS;
3919;BIA KICIS;204374;Bia Kicis;nome,UF;2;2 sinais;DF;
2862;BOHN GASS;160538;ELVINO BOHN GASS;tokens,UF;2;2 sinais;RS;
4315;BRUNO FARIAS;210989;Bruno Farias;nome,tokens;2;2 sinais;;
4317;CABO GILBERTO SILVA;220574;Cabo Gilberto Silva;nome,UF;2;2 sinais;PB;
4319;CAPITAO ALDEN;220690;Capitão Alden;nome,UF;2;2 sinais;BA;
4443;CARLA DICKSON (EX-PARLAMENTAR PAULINHO FREIRE, NOS TERMOS ART. 78 LDO 2025 E DA ;213762;Carla Dickson;nome,UF;2;2 sinais;RN;
3928;CARLA ZAMBELLI;204507;Carla Zambelli;nome,tokens;2;2 sinais;;
3068;CARLOS HENRIQUE GAGUIM;178993;CARLOS HENRIQUE GAGUIM;nome,UF;2;2 sinais;TO;
4210;CARLOS PORTINHO;SF5936;Carlos Portinho;nome,UF;2;2 sinais;RJ;
4087;CARLOS VIANA;SF5990;Carlos Viana;nome,UF;2;2 sinais;MG;
4320;CAROL DARTORA;220704;Carol Dartora;nome,UF;2;2 sinais;PR;
4322;CELIA XAKRIABA;206018;Célia Xakriabá;nome,UF;2;2 sinais;MG;
3937;CELSO SABINO;204496;Celso Sabino;nome,tokens;2;2 sinais;DF;
1468;CHICO ALENCAR;74171;CHICO ALENCAR;nome,UF;2;2 sinais;RJ;
4143;CHICO RODRIGUES;SF470;Chico Rodrigues;nome,UF;2;2 sinais;RR;
3942;CHRIS TONIETTO;204462;Chris Tonietto;nome,UF;2;2 sinais;RJ;
4081;CID GOMES;SF5973;Cid Gomes;nome,UF;2;2 sinais;CE;
4323;CLARISSA TERCIO;220665;Clarissa Tércio;nome,UF;2;2 sinais;PE;
4325;COBALCHINI;98148;Cobalchini;nome,UF;2;2 sinais;SC;
4092;CONFUCIO MOURA;SF475;Confúcio Moura;nome,UF;2;2 sinais;RO;
4326;CORONEL ASSIS;220594;Coronel Assis;nome,UF;2;2 sinais;MT;
4327;CORONEL FERNANDA;220595;Coronel Fernanda;nome,UF;2;2 sinais;MT;
4328;CORONEL MEIRA;220666;Coronel Meira;nome,UF;2;2 sinais;PE;
4330;CORONEL ULYSSES;220590;Coronel Ulysses;nome,UF;2;2 sinais;AC;
3077;COVATTI FILHO;178963;COVATTI FILHO;nome,UF;2;2 sinais;RS;
3948;DA VITORIA;204355;Da Vitoria;nome,UF;2;2 sinais;ES,SP;
2170;DAGOBERTO NOGUEIRA;141411;DAGOBERTO;tokens,UF;2;2 sinais;MS;
4333;DAL BARRETO;220692;Dal Barreto;nome,UF;2;2 sinais;BA;
4268;DAMARES ALVES;SF6335;Damares Alves;nome,UF;2;2 sinais;DF,GO;
4334;DANDARA;220629;Dandara;nome,UF;2;2 sinais;MG;
4335;DANI CUNHA;220603;Dani Cunha;nome,UF;2;2 sinais;RJ;
4336;DANIEL AGROBOM;220571;Daniel Agrobom;nome,UF;2;2 sinais;GO;
3951;DANIEL TRZECIAK;204409;Daniel Trzeciak;nome,tokens;2;2 sinais;;
3952;DANIELA DO WAGUINHO;204459;Daniela do Waguinho;nome,UF;2;2 sinais;RJ;
4141;DANIELLA RIBEIRO;SF5998;Daniella Ribeiro;nome,UF;2;2 sinais;PB;
4341;DEFENSOR STELIO DENER;220539;Defensor Stélio Dener;nome,UF;2;2 sinais;RR;
4342;DELEGADA ADRIANA ACCORSI;220565;Delegada Adriana Accorsi;nome,UF;2;2 sinais;GO;
4343;DELEGADA IONE;220625;Delegada Ione;nome,UF;2;2 sinais;MG;
4344;DELEGADA KATARINA;220561;Delegada Katarina;nome,UF;2;2 sinais;SE;
4289;DELEGADO BRUNO LIMA;220642;Delegado Bruno Lima;nome,UF;2;2 sinais;SP;
4345;DELEGADO CAVEIRA;220673;Delegado Caveira;nome,UF;2;2 sinais;PA;
4346;DELEGADO DA CUNHA;220649;Delegado da Cunha;nome,UF;2;2 sinais;SP;
3082;DELEGADO EDER MAURO;178908;DELEGADO ÉDER MAURO;nome,UF;2;2 sinais;PA;
4347;DELEGADO FABIO COSTA;220583;Delegado Fabio Costa;nome,UF;2;2 sinais;AL;
3957;DELEGADO MARCELO FREITAS;204512;Delegado Marcelo Freitas;nome,UF;2;2 sinais;MG;
4348;DELEGADO MATHEUS LAIOLA;220701;Delegado Matheus Laiola;nome,UF;2;2 sinais;PR;
4349;DELEGADO PALUMBO;220652;Delegado Palumbo;nome,UF;2;2 sinais;SP;
4350;DELEGADO PAULO BILYNSKYJ;220654;Delegado Paulo Bilynskyj;nome,UF;2;2 sinais;SP;
4351;DELEGADO RAMAGEM;220619;Delegado Ramagem;nome,UF;2;2 sinais;RJ;
4355;DIEGO CORONEL;220691;Diego Coronel;nome,UF;2;2 sinais;BA;
4356;DILVANDA FARO;220671;Dilvanda Faro;nome,tokens;2;2 sinais;;
2755;DIMAS FABIANO;160599;DIMAS FABIANO;nome,tokens;2;2 sinais;;
3963;DOUTOR LUIZINHO;204450;Doutor Luizinho;nome,UF;2;2 sinais;RJ;
4338;DR. DANIEL SORANZ;220614;Dr. Daniel Soranz;nome,UF;2;2 sinais;RJ;
4360;DR. FERNANDO MAXIMO;220610;Dr. Fernando Máximo;nome,UF;2;2 sinais;RO;
4361;DR. FRANCISCO;220688;Dr. Francisco;nome,UF;2;2 sinais;PI;
4269;DR. HIRAN;SF5793;Dr. Hiran;nome,UF;2;2 sinais;RR,SP;
4393;DR. ISMAEL ALEXANDRINO;220570;Dr. Ismael Alexandrino;nome,UF;2;2 sinais;GO;
3961;DR. JAZIEL;204481;Dr. Jaziel;nome,UF;2;2 sinais;CE;
3964;DR. LUIZ OVANDO;204351;Dr. Luiz Ovando;nome,UF;2;2 sinais;MS;
3965;DR. ZACHARIAS CALIL;204412;Dr. Zacharias Calil;nome,UF;2;2 sinais;GO;
4138;EDUARDO GIRAO;SF5976;Eduardo Girão;nome,UF;2;2 sinais;CE;
4186;EDUARDO GOMES;SF3777;Eduardo Gomes;nome,UF;2;2 sinais;SP,TO;
4270;EFRAIM FILHO;SF4642;Efraim Filho;nome,UF;2;2 sinais;PB;
4139;ELIZIANE GAMA;SF5718;Eliziane Gama;nome,UF;2;2 sinais;MA;
4229;ELY SANTOS;218086;Ely Santos;nome,UF;2;2 sinais;SP;
3975;EMANUEL PINHEIRO NETO;198783;Emanuel Pinheiro Neto;nome,UF;2;2 sinais;MT;
3976;EMIDINHO MADEIRA;161550;Emidinho Madeira;nome,UF;2;2 sinais;MG;
4489;ENFERMEIRA REJANE (EX-PARLAMENTAR WASHINGTON QUAQUA, NOS TERMOS ART. 78 LDO 2025;230765;Enfermeira Rejane;nome,UF;2;2 sinais;RJ;
4368;ERIKA HILTON;220645;Erika Hilton;nome,UF;2;2 sinais;SP;
2210;ESPERIDIAO AMIN;SF22;Esperidião Amin;nome,UF;2;2 sinais;SC;
4180;FABIANO CONTARATO;SF5953;Fabiano Contarato;nome,UF;2;2 sinais;ES;
4369;FABIO MACEDO;220681;Fábio Macedo;nome,tokens;2;2 sinais;;
4370;FABIO TERUEL;220653;Fábio Teruel;nome,tokens;2;2 sinais;;
3982;FELIPE FRANCISCHINI;204398;Felipe Francischini;nome,tokens;2;2 sinais;;
4252;FERNANDO DUEIRE;SF5917;Fernando Dueire;nome,UF;2;2 sinais;PE;
4374;FERNANDO MINEIRO;204445;Fernando Mineiro;nome,UF;2;2 sinais;RN;
3986;FILIPE BARROS;204411;Filipe Barros;nome,tokens;2;2 sinais;;
2038;FLAVIO ARNS;SF345;Flávio Arns;nome,UF;2;2 sinais;PR;
9219;FLAVIO BOLSONARO;SF5894;Flávio Bolsonaro;nome,UF;2;2 sinais;RJ;
3991;FRED COSTA;204494;FRED COSTA;nome,UF;2;2 sinais;MG;
4378;FRED LINHARES;220534;Fred Linhares;nome,UF;2;2 sinais;DF,GO;
3994;GENERAL GIRAO;204473;General Girão;nome,UF;2;2 sinais;RN;
4380;GENERAL PAZUELLO;220611;General Pazuello;nome,UF;2;2 sinais;RJ;
3997;GERVASIO MAIA;204394;Gervásio Maia;nome,tokens;2;2 sinais;;
1968;GIACOBO;74383;GIACOBO;nome,UF;2;2 sinais;PR;
4384;GILVAN DA FEDERAL;220526;Gilvan da Federal;nome,UF;2;2 sinais;ES;
4221;GIORDANO;SF6008;Giordano;nome,UF;2;2 sinais;SP;
4010;GLAUSTIN DA FOKUS;204419;Glaustin da Fokus;nome,UF;2;2 sinais;GO;
4271;HAMILTON MOURAO;SF6341;Hamilton Mourão;nome,UF;2;2 sinais;RS;
2885;HUMBERTO COSTA;SF5008;Humberto Costa;nome,UF;2;2 sinais;PE;
4391;ICARO DE VALMIR;220563;Icaro de Valmir;nome,UF;2;2 sinais;SE;
4147;IDILVAN ALENCAR;204533;Idilvan Alencar;nome,tokens;2;2 sinais;;
4096;IRAJA;SF5385;Irajá;nome,UF;2;2 sinais;TO;
4392;ISMAEL;98615;Ismael;nome,UF;2;2 sinais;SC;
4251;IVETE DA SILVEIRA;SF6010;Ivete da Silveira;nome,UF;2;2 sinais;SC;
4397;JACK ROCHA;220527;Jack Rocha;nome,UF;2;2 sinais;ES;
2263;JADER BARBALHO;SF35;Jader Barbalho;nome,UF;2;2 sinais;PA;
4272;JAIME BAGATTOLI;SF6340;Jaime Bagattoli;nome,UF;2;2 sinais;RO;
4080;JAQUES WAGNER;SF581;Jaques Wagner;nome,UF;2;2 sinais;BA;
2376;JAYME CAMPOS;SF4531;Jayme Campos;nome,UF;2;2 sinais;MT;
3597;JOAO CURY NETO (EX-PARLAMENTAR ALBERTO MOURAO, NOS TERMOS ART. 78 LDO 2025 E DA ;230957;João Cury;tokens,UF;2;2 sinais;SP;
3691;JOAO DANIEL;178970;JOAO SOMARIVA DANIEL;tokens,UF;2;2 sinais;SE;
2441;JOSE AIRTON FELIX CIRILO;141464;JOSÉ AIRTON CIRILO;tokens,UF;2;2 sinais;CE;
3260;JOSE PRIANTE;74079;JOSÉ PRIANTE;nome,tokens;2;2 sinais;;
4212;JOSIVALDO JP;215043;Josivaldo JP;nome,UF;2;2 sinais;MA;
4154;JUAREZ COSTA;204474;Juarez Costa;nome,tokens;2;2 sinais;;
1504;JULIO LOPES;74253;JULIO LOPES;nome,tokens;2;2 sinais;;
4026;JUNINHO DO PNEU;204457;Juninho do Pneu;nome,UF;2;2 sinais;RJ;
4027;JUNIOR FERRARI;204497;Júnior Ferrari;nome,tokens;2;2 sinais;;
4111;JUNIOR LOURENCO;204574;Junior Lourenço;nome,tokens;2;2 sinais;;
4496;JUSSARA LIMA;SF6369;Jussara Lima;nome,UF;2;2 sinais;PI;
4405;KIKO CELEGUIM;162067;Kiko Celeguim;nome,UF;2;2 sinais;SP;
4274;LAERCIO OLIVEIRA;SF4811;Laércio Oliveira;nome,UF;2;2 sinais;SE;
3702;LEANDRE;178832;LEANDRE;nome,UF;2;2 sinais;PR;
4082;LEILA BARROS;SF5979;Leila Barros;nome,UF;2;2 sinais;DF;
4408;LEO PRATES;80815;Léo Prates;nome,UF;2;2 sinais;BA;
4079;LUCAS BARRETO;SF5926;Lucas Barreto;nome,UF;2;2 sinais;AP,SP;
4410;LUCIANO AMARAL;220581;Luciano Amaral;nome,tokens;2;2 sinais;;
3706;LUCIO MOSQUINI;178954;LUCIO MOSQUINI;nome,tokens;2;2 sinais;;
4184;LUIS CARLOS HEINZE;SF1186;Luis Carlos Heinze;nome,UF;2;2 sinais;RS;
2407;LUIZ CARLOS BUSATO;141485;LUIZ CARLOS BUSATO;nome,tokens;2;2 sinais;;
4035;LUIZ CARLOS MOTTA;204485;Luiz Carlos Motta;nome,tokens;2;2 sinais;;
4413;LUIZ GASTAO;220658;Luiz Gastão;nome,tokens;2;2 sinais;;
4414;LULA DA FONTE;220669;Lula da Fonte;nome,UF;2;2 sinais;PE;
2029;MAGNO MALTA;SF631;Magno Malta;nome,UF;2;2 sinais;ES;
4094;MARA GABRILLI;SF5376;Mara Gabrilli;nome,UF;2;2 sinais;SP;
4415;MARANGONI;220648;Marangoni;nome,UF;2;2 sinais;SP;
3713;MARCELO ALVARO ANTONIO;179000;MARCELO ÁLVARO ANTÔNIO;nome,UF;2;2 sinais;MG;
4183;MARCELO CASTRO;SF742;Marcelo Castro;nome,UF;2;2 sinais;PI;
4040;MARCELO MORAES;133810;Marcelo Moraes;nome,tokens;2;2 sinais;;
4078;MARCIO BITTAR;SF285;Marcio Bittar;nome,UF;2;2 sinais;AC;
4450;MARCIVANIA FLEXA (EX-PARLAMENTAR MARIA GORETH, NOS TERMOS ART. 78 LDO 2025 E DA ;160641;PROFESSORA MARCIVANIA;tokens,UF;2;2 sinais;AP;
2867;MARCON;160535;MARCON;nome,UF;2;2 sinais;RS;
9204;MARCOS DO VAL;SF5942;Marcos do Val;nome,UF;2;2 sinais;ES;
3727;MARIO NEGROMONTE JR.;178858;MÁRIO NEGROMONTE JR.;nome,tokens;2;2 sinais;;
4120;MARRECA FILHO;204566;Marreca Filho;nome,UF;2;2 sinais;MA;
3728;MARX BELTRAO;178843;MARX BELTRÃO;nome,tokens;2;2 sinais;;
4425;MATHEUS NORONHA;220661;Matheus Noronha;nome,tokens;2;2 sinais;;
4427;MAURICIO DO VOLEI;220628;Mauricio do Vôlei;nome,UF;2;2 sinais;MG;
4429;MAURICIO NEVES;220647;Mauricio Neves;nome,tokens;2;2 sinais;;
4431;MEIRE SERAFIM;220591;Meire Serafim;nome,UF;2;2 sinais;AC;
4432;MERSINHO LUCENA;220585;Mersinho Lucena;nome,UF;2;2 sinais;PB;
4181;NELSINHO TRAD;SF5985;Nelsinho Trad;nome,UF;2;2 sinais;MS;
4047;NELSON BARBUDO;204449;Nelson Barbudo;nome,UF;2;2 sinais;MT;
4437;NELY AQUINO;220622;Nely Aquino;nome,UF;2;2 sinais;MG;
4438;NETO CARLETTO;220703;Neto Carletto;nome,UF;2;2 sinais;BA;
4542;NEWTON BONIN;229939;Newton Bonin;nome,tokens;2;2 sinais;;
3734;NEWTON CARDOSO JR;178896;NEWTON CARDOSO JR;nome,UF;2;2 sinais;MG;
4164;NICOLETTI;204479;Nicoletti;nome,UF;2;2 sinais;RR;
4049;OLIVAL MARQUES;204498;Olival Marques;nome,tokens;2;2 sinais;;
4089;ORIOVISTO GUIMARAES;SF5924;Oriovisto Guimarães;nome,UF;2;2 sinais;PR;
4051;OTONI DE PAULA;204441;Otoni de Paula;nome,UF;2;2 sinais;RJ;
3795;OTTO ALENCAR;204573;Otto Alencar Filho;tokens,UF;2;2 sinais;BA;
4440;PADOVANI;220706;Padovani;nome,UF;2;2 sinais;PR;
2764;PADRE JOAO;160556;PADRE JOAO;nome,UF;2;2 sinais;MG;
4441;PASTOR DINIZ;180214;Pastor Diniz;nome,UF;2;2 sinais;RR,SP;
2724;PASTOR EURICO;160642;PASTOR EURICO;nome,UF;2;2 sinais;PE;
4442;PASTOR HENRIQUE VIEIRA;220615;Pastor Henrique Vieira;nome,UF;2;2 sinais;RJ;
4166;PASTOR SARGENTO ISIDORIO;204553;Pastor Sargento Isidório;nome,UF;2;2 sinais;BA;
2973;PAULAO;171617;PAULÃO;nome,UF;2;2 sinais;AL;
2774;PAULO FOLLETTO;160517;PAULO FOLETTO;tokens,UF;2;2 sinais;ES;
4445;PAULO LITRO;220685;Paulo Litro;nome,UF;2;2 sinais;PR;
2023;PAULO PAIM;SF825;Paulo Paim;nome,UF;2;2 sinais;RS;
4056;PEDRO LUPION;204395;Pedro Lupion;nome,tokens;2;2 sinais;;
4137;PLINIO VALERIO;SF5502;Plínio Valério;nome,UF;2;2 sinais;AM;
4449;PROF. REGINALDO VERAS;220533;Prof. Reginaldo Veras;nome,UF;2;2 sinais;DF;
4058;PROFESSOR ALCIDES;204390;Professor Alcides;nome,UF;2;2 sinais;GO;
4275;PROFESSORA DORINHA SEABRA;SF5386;Professora Dorinha Seabra;nome,UF;2;2 sinais;TO;
4451;PROFESSORA LUCIENE CAVALCANTE;221338;Professora Luciene Cavalcante;nome,UF;2;2 sinais;SP;
4406;RAFAEL BENTO (EX-PARLAMENTAR LEBRAO, NOS TERMOS ART. 78 LDO 2025 E DA MENSAGEM 9;233594;Rafael Fera o Fiscal do Povo;tokens,UF;2;2 sinais;RO;
3328;RAIMUNDO SANTOS;74084;Raimundo Santos;nome,tokens;2;2 sinais;;
2919;RANDOLFE RODRIGUES;SF5012;Randolfe Rodrigues;nome,UF;2;2 sinais;AP;
4456;REIMONT;220606;Reimont;nome,UF;2;2 sinais;RJ;
2289;RENAN CALHEIROS;SF70;Renan Calheiros;nome,UF;2;2 sinais;AL;
4464;ROBERTO MONTEIRO PAI;220613;Roberto Monteiro Pai;nome,UF;2;2 sinais;RJ;
4290;RODRIGO DA ZAELI (EX-PARLAMENTAR ABILIO BRUNINI, NOS TERMOS ART. 78 LDO 2025 E D;230767;Rodrigo da Zaeli;nome,UF;2;2 sinais;MT;
4468;RODRIGO GAMBALE;220641;Rodrigo Gambale;nome,tokens;2;2 sinais;;
4140;RODRIGO PACHECO;SF5732;Rodrigo Pacheco;nome,UF;2;2 sinais;MG;
4385;RODRIGO ROLLEMBERG (EX-PARLAMENTAR GILVAN MAXIMO, NOS TERMOS ART. 78 LDO 2025 E ;141533;RODRIGO ROLLEMBERG;nome,tokens;2;2 sinais;;
4095;ROGERIO CARVALHO;SF5352;Rogério Carvalho;nome,UF;2;2 sinais;SE;
4276;ROGERIO MARINHO;SF4694;Rogerio Marinho;nome,UF;2;2 sinais;RN;
3799;ROMARIO;SF5322;Romário;nome,UF;2;2 sinais;RJ;
4073;SANDERSON;204416;SANDERSON;nome,UF;2;2 sinais;RS;
4066;SARGENTO FAHUR;204387;Sargento Fahur;nome,UF;2;2 sinais;PR,SP;
4474;SARGENTO GONCALVES;220621;Sargento Gonçalves;nome,UF;2;2 sinais;RN;
4475;SARGENTO PORTUGAL;220618;Sargento Portugal;nome,UF;2;2 sinais;RJ;
4476;SAULLO VIANNA;220713;Saullo Vianna;nome,tokens;2;2 sinais;;
4277;SERGIO MORO;SF6331;Sergio Moro;nome,UF;2;2 sinais;PR;
2914;SERGIO PETECAO;SF4560;Sérgio Petecão;nome,UF;2;2 sinais;AC;
4479;SIMONE MARQUETTO;220651;Simone Marquetto;nome,UF;2;2 sinais;SP;
4086;SORAYA THRONICKE;SF5988;Soraya Thronicke;nome,UF;2;2 sinais;MS;
4142;STYVENSON VALENTIM;SF5959;Styvenson Valentim;nome,UF;2;2 sinais;RN;
4544;TADEU OLIVEIRA;230177;Tadeu Oliveira;nome,tokens;2;2 sinais;;
4278;TERESA LEITAO;SF6338;Teresa Leitão;nome,UF;2;2 sinais;PE;
4279;TEREZA CRISTINA;SF5736;Tereza Cristina;nome,UF;2;2 sinais;MS,SP;
4485;THIAGO DE JOALDO;220560;Thiago de Joaldo;nome,UF;2;2 sinais;SE;
4487;TIAO MEDEIROS;220684;Tião Medeiros;nome,UF;2;2 sinais;PR;
3771;TONINHO WANDSCHEER;178934;TONINHO WANDSCHEER;nome,UF;2;2 sinais;PR;
4083;VANDERLAN CARDOSO;SF5899;Vanderlan Cardoso;nome,UF;2;2 sinais;GO;
4088;VENEZIANO VITAL DO REGO;SF5748;Veneziano Vital do Rêgo;nome,UF;2;2 sinais;PB;
1997;VICENTINHO;74283;VICENTINHO;nome,UF;2;2 sinais;SP;
3775;VICENTINHO JUNIOR;137070;VICENTINHO JÚNIOR;nome,UF;2;2 sinais;SP,TO;
3805;WELLINGTON FAGUNDES;SF1173;Wellington Fagundes;nome,UF;2;2 sinais;MT;
4500;WELTER;224333;Welter;nome,UF;2;2 sinais;PR;
4084;WEVERTON;SF5411;Weverton;nome,UF;2;2 sinais;MA;
4490;YANDRA MOURA;220564;Yandra Moura;nome,UF;2;2 sinais;SE;
4491;YURY DO PAREDAO;220660;Yury do Paredão;nome,UF;2;2 sinais;CE;
4382;ZE ADRIANO (EX-PARLAMENTAR GERLEN DINIZ, NOS TERMOS ART. 78 LDO 2025 E DA MENSAG;230768;Zé Adriano;nome,UF;2;2 sinais;AC,SP;
4492;ZE HAROLDO CATHEDRAL;220536;Zé Haroldo Cathedral;nome,UF;2;2 sinais;RR,SP;
9191;ZE NETO;204559;Zé Neto;nome,UF;2;2 sinais;BA;
2769;ZE SILVA;160632;ZÉ SILVA;nome,UF;2;2 sinais;MG;
4493;ZE TROVAO;220558;Zé Trovão;nome,UF;2;2 sinais;SC;
4077;ZE VITOR;204517;Zé Vitor;nome,UF;2;2 sinais;MG;
2849;ZECA DIRCEU;160592;ZECA DIRCEU;nome,UF;2;2 sinais;PR;
4091;ZENAIDE MAIA;SF5783;Zenaide Maia;nome,UF;2;2 sinais;RN;
4182;ZEQUINHA MARINHO;SF3806;Zequinha Marinho;nome,UF;2;2 sinais;PA;
4494;ZEZINHO BARBARY;220592;Zezinho Barbary;nome,UF;2;2 sinais;AC;
3897;ACACIO FAVACHO;204379;Acácio Favacho;nome,tokens,UF;3;3 sinais;AP;
4292;ADILSON BARROSO;221328;Adilson Barroso;nome,tokens,UF;3;3 sinais;SP;
3898;ADOLFO VIANA;204560;Adolfo Viana;nome,tokens,UF;3;3 sinais;BA;
3899;ADRIANA VENTURA;204528;Adriana Ventura;nome,tokens,UF;3;3 sinais;SP;
1349;AECIO NEVES;74646;Aécio Neves;nome,tokens,UF;3;3 sinais;MG;
2871;AFONSO FLORENCE;160508;AFONSO FLORENCE;nome,tokens,UF;3;3 sinais;BA;
3020;AFONSO MOTTA;178835;AFONSO MOTTA;nome,tokens,UF;3;3 sinais;RS;
2711;AGUINALDO RIBEIRO;160527;AGUINALDO RIBEIRO;nome,tokens,UF;3;3 sinais;PB;
3630;ALBERTO FRAGA;73579;ALBERTO FRAGA;nome,tokens,UF;3;3 sinais;DF;
2858;ALCEU MOREIRA;160559;ALCEU MOREIRA;nome,tokens,UF;3;3 sinais;RS;
3905;ALENCAR SANTANA;204501;Alencar Santana;nome,tokens,UF;3;3 sinais;SP;
3906;ALEX SANTANA;204571;Alex Santana;nome,tokens,UF;3;3 sinais;BA;
4294;ALEXANDRE GUIMARAES;220542;Alexandre Guimarães;nome,tokens,UF;3;3 sinais;TO;
4295;ALEXANDRE LINDENMEYER;220554;Alexandre Lindenmeyer;nome,tokens,UF;3;3 sinais;RS;
4296;ALFREDO GASPAR;220576;Alfredo Gaspar;nome,tokens,UF;3;3 sinais;AL;
1331;ALICE PORTUGAL;74057;ALICE PORTUGAL;nome,tokens,UF;3;3 sinais;BA;
3041;ALIEL MACHADO;178927;ALIEL MACHADO;nome,tokens,UF;3;3 sinais;PR;
4310;ALINE GURGEL (EX-PARLAMENTAR JOSE AUGUSTO PUPPIO, NOS TERMOS ART. 78 LDO 2025 E ;204353;Aline Gurgel;nome,tokens,UF;3;3 sinais;AP;
3042;ALTINEU CORTES;178937;ALTINEU CÔRTES;nome,tokens,UF;3;3 sinais;RJ;
3043;ALUISIO MENDES;178881;ALUISIO MENDES;nome,tokens,UF;3;3 sinais;MA;
4298;AMANDA GENTIL;220707;Amanda Gentil;nome,tokens,UF;3;3 sinais;MA;
3912;AMARO NETO;204356;Amaro Neto;nome,tokens,UF;3;3 sinais;ES;
4299;AMOM MANDEL;220715;Amom Mandel;nome,tokens,UF;3;3 sinais;AM;
4301;ANA PAULA LIMA;220556;Ana Paula Lima;nome,tokens,UF;3;3 sinais;SC;
4302;ANA PIMENTEL;220632;Ana Pimentel;nome,tokens,UF;3;3 sinais;MG;
4481;ANDRE ABDON (EX-PARLAMENTAR SONIZE BARBOSA, NOS TERMOS ART. 78 LDO 2025 E DA MEN;178831;ANDRÉ ABDON;nome,tokens,UF;3;3 sinais;AP;
3913;ANDRE FERREIRA;204423;André Ferreira;nome,tokens,UF;3;3 sinais;PE;
2083;ANDRE FIGUEIREDO;133439;ANDRÉ FIGUEIREDO;nome,tokens,UF;3;3 sinais;CE;
3914;ANDRE JANONES;204515;André Janones;nome,tokens,UF;3;3 sinais;MG;
4305;ANTONIO ANDRADE;220544;Antonio Andrade;nome,tokens,UF;3;3 sinais;TO;
2737;ANTONIO BRITO;160553;ANTONIO BRITO;nome,tokens,UF;3;3 sinais;BA;
4306;ANTONIO CARLOS RODRIGUES;220638;Antonio Carlos Rodrigues;nome,tokens,UF;3;3 sinais;SP;
4308;ANY ORTIZ;220549;Any Ortiz;nome,tokens,UF;3;3 sinais;RS;
2356;ARNALDO JARDIM;141391;ARNALDO JARDIM;nome,tokens,UF;3;3 sinais;SP;
2726;ARTHUR LIRA;160541;ARTHUR LIRA;nome,tokens,UF;3;3 sinais;AL;
2739;ARTHUR OLIVEIRA MAIA;160600;ARTHUR OLIVEIRA MAIA;nome,tokens,UF;3;3 sinais;BA;
1619;ATILA LINS;74090;ÁTILA LINS;nome,tokens,UF;3;3 sinais;AM;
4309;ATILA LIRA;123086;Átila Lira;nome,tokens,UF;3;3 sinais;PI;
2718;AUGUSTO COUTINHO;160665;AUGUSTO COUTINHO;nome,tokens,UF;3;3 sinais;PE;
3052;BALEIA ROSSI;178975;BALEIA ROSSI;nome,tokens,UF;3;3 sinais;SP;
4311;BANDEIRA DE MELLO;220605;Bandeira de Mello;nome,tokens,UF;3;3 sinais;RJ;
1310;BENEDITA DA SILVA;73701;BENEDITA DA SILVA;nome,tokens,UF;3;3 sinais;RJ;
3917;BENES LEOCADIO;109429;Benes Leocádio;nome,tokens,UF;3;3 sinais;RN;
3920;BIBO NUNES;204388;Bibo Nunes;nome,tokens,UF;3;3 sinais;RS;
4316;BRUNO GANEM;220635;Bruno Ganem;nome,tokens,UF;3;3 sinais;SP;
4318;CAMILA JARA;220548;Camila Jara;nome,tokens,UF;3;3 sinais;MS;
3929;CARLOS CHIODINI;204361;Carlos Chiodini;nome,tokens,UF;3;3 sinais;SC;
3067;CARLOS GOMES;178962;CARLOS GOMES;nome,tokens,UF;3;3 sinais;RS;
3930;CARLOS JORDY;204460;Carlos Jordy;nome,tokens,UF;3;3 sinais;RJ;
1527;CARLOS SAMPAIO;74262;CARLOS SAMPAIO;nome,tokens,UF;3;3 sinais;SP;
3931;CARLOS VERAS;204426;Carlos Veras;nome,tokens,UF;3;3 sinais;PE;
2520;CARLOS ZARATTINI;141398;CARLOS ZARATTINI;nome,tokens,UF;3;3 sinais;SP;
3932;CAROLINE DE TONI;204369;Caroline de Toni;nome,tokens,UF;3;3 sinais;SC;
4321;CASTRO NETO;220699;Castro Neto;nome,tokens,UF;3;3 sinais;PI;
3070;CELIO SILVEIRA;178876;CÉLIO SILVEIRA;nome,tokens,UF;3;3 sinais;GO;
3936;CELIO STUDART;204488;Célio Studart;nome,tokens,UF;3;3 sinais;CE;
3160;CELSO RUSSOMANNO;73441;CELSO RUSSOMANNO;nome,tokens,UF;3;3 sinais;SP;
3166;CLAUDIO CAJADO;74537;CLAUDIO CAJADO;nome,tokens,UF;3;3 sinais;BA;
2388;CLEBER VERDE;141408;CLEBER VERDE;nome,tokens,UF;3;3 sinais;MA;
4324;CLODOALDO MAGALHAES;88256;Clodoaldo Magalhães;nome,tokens,UF;3;3 sinais;PE;
4331;CRISTIANE LOPES;220608;Cristiane Lopes;nome,tokens,UF;3;3 sinais;RO;
4332;DAIANA SANTOS;220555;Daiana Santos;nome,tokens,UF;3;3 sinais;RS;
3530;DAMIAO FELICIANO;74467;DAMIÃO FELICIANO;nome,tokens,UF;3;3 sinais;PB;
1339;DANIEL ALMEIDA;74060;DANIEL ALMEIDA;nome,tokens,UF;3;3 sinais;BA;
4337;DANIEL BARBOSA;220582;Daniel Barbosa;nome,tokens,UF;3;3 sinais;AL;
3949;DANIEL FREITAS;204367;Daniel Freitas;nome,tokens,UF;3;3 sinais;SC;
4339;DANIELA REINEHR;220557;Daniela Reinehr;nome,tokens,UF;3;3 sinais;SC;
2700;DANILO FORTE;62881;DANILO FORTE;nome,tokens,UF;3;3 sinais;CE;
2861;DANRLEI DE DEUS HINTERHOLZ;160552;DANRLEI DE DEUS HINTERHOLZ;nome,tokens,UF;3;3 sinais;RS;
3955;DAVID SOARES;204511;David Soares;nome,tokens,UF;3;3 sinais;SP;
4340;DAYANY BITTENCOURT;220659;Dayany Bittencourt;nome,tokens,UF;3;3 sinais;CE;
4353;DENISE PESSOA;220553;Denise Pessôa;nome,tokens,UF;3;3 sinais;RS;
2754;DIEGO ANDRADE;160588;DIEGO ANDRADE;nome,tokens,UF;3;3 sinais;MG;
3084;DIEGO GARCIA;178929;DIEGO GARCIA;nome,tokens,UF;3;3 sinais;PR;
3176;DILCEU SPERAFICO;73768;DILCEU SPERAFICO;nome,tokens,UF;3;3 sinais;PR;
4357;DIMAS GADELHA;220602;Dimas Gadelha;nome,tokens,UF;3;3 sinais;RJ;
2701;DOMINGOS NETO;143632;DOMINGOS NETO;nome,tokens,UF;3;3 sinais;CE;
2756;DOMINGOS SAVIO;160758;DOMINGOS SÁVIO;nome,tokens,UF;3;3 sinais;MG;
4358;DORINALDO MALAFAIA;220573;Dorinaldo Malafaia;nome,tokens,UF;3;3 sinais;AP;
4365;DUDA RAMOS;220540;Duda Ramos;nome,tokens,UF;3;3 sinais;RR,SP;
4366;DUDA SALABERT;220623;Duda Salabert;nome,tokens,UF;3;3 sinais;MG;
3970;EDUARDO BISMARCK;204541;Eduardo Bismarck;nome,tokens,UF;3;3 sinais;CE;
3088;EDUARDO BOLSONARO;92346;EDUARDO BOLSONARO;nome,tokens,UF;3;3 sinais;SP;
2456;EDUARDO DA FONTE;141421;EDUARDO DA FONTE;nome,tokens,UF;3;3 sinais;PE;
4499;EDUARDO VELLOSO;220589;Eduardo Velloso;nome,tokens,UF;3;3 sinais;AC;
3188;ELCIONE BARBALHO;74075;ELCIONE BARBALHO;nome,tokens,UF;3;3 sinais;PA;
3973;ELI BORGES;204364;Eli Borges;nome,tokens,UF;3;3 sinais;TO;
3091;ELMAR NASCIMENTO;178854;ELMAR NASCIMENTO;nome,tokens,UF;3;3 sinais;BA;
4367;ERIBERTO MEDEIROS;220663;Eriberto Medeiros;nome,tokens,UF;3;3 sinais;PE;
2826;ERIKA KOKAY;160575;ERIKA KOKAY;nome,tokens,UF;3;3 sinais;DF;
2759;EROS BIONDINI;160640;EROS BIONDINI;nome,tokens,UF;3;3 sinais;MG;
3978;EUCLYDES PETTERSEN;204482;Euclydes Pettersen;nome,tokens,UF;3;3 sinais;MG;
3520;EUNICIO OLIVEIRA;74454;EUNÍCIO OLIVEIRA;nome,tokens,UF;3;3 sinais;CE;
3101;FABIO GARCIA;178905;FABIO GARCIA;nome,tokens,UF;3;3 sinais;MT;
2979;FABIO REIS;171623;FABIO REIS;nome,tokens,UF;3;3 sinais;SE;
3980;FABIO SCHIOCHET;204368;Fabio Schiochet;nome,tokens,UF;3;3 sinais;SC;
3134;FAUSTO PINATO;66828;FAUSTO PINATO;nome,tokens,UF;3;3 sinais;SP;
4372;FELIPE BECARI;220646;Felipe Becari;nome,tokens,UF;3;3 sinais;SP;
3187;FELIPE CARRERAS;72442;FELIPE CARRERAS;nome,tokens,UF;3;3 sinais;PE;
2742;FELIX MENDONCA JUNIOR;160666;FÉLIX MENDONÇA JÚNIOR;nome,tokens,UF;3;3 sinais;BA;
3984;FERNANDA MELCHIONNA;204407;Fernanda Melchionna;nome,tokens,UF;3;3 sinais;RS;
4373;FERNANDA PESSOA;220656;Fernanda Pessoa;nome,tokens,UF;3;3 sinais;CE;
2392;FERNANDO COELHO FILHO;141431;FERNANDO COELHO FILHO;nome,tokens,UF;3;3 sinais;PE;
3813;FERNANDO MONTEIRO;92699;FERNANDO MONTEIRO;nome,tokens,UF;3;3 sinais;PE;
3985;FERNANDO RODOLFO;204427;Fernando Rodolfo;nome,tokens,UF;3;3 sinais;PE;
4375;FILIPE MARTINS;220545;Filipe Martins;nome,tokens,UF;3;3 sinais;TO;
2833;FLAVIA MORAIS;160598;FLÁVIA MORAIS;nome,tokens,UF;3;3 sinais;GO;
3827;FLAVIO NOGUEIRA;191923;FLAVIO NOGUEIRA;nome,tokens,UF;3;3 sinais;PI;
4376;FLORENTINO NETO;220700;Florentino Neto;nome,tokens,UF;3;3 sinais;PI;
4377;FRANCIANE BAYER;220551;Franciane Bayer;nome,tokens,UF;3;3 sinais;RS;
4498;GABRIEL MOTA;224117;Gabriel Mota;nome,tokens,UF;3;3 sinais;RR;
4379;GABRIEL NUNES;220708;Gabriel Nunes;nome,tokens,UF;3;3 sinais;BA;
2925;GEOVANIA DE SA (EX-PARLAMENTAR CARMEN ZANOTTO, NOS TERMOS ART. 78 LDO 2025 E DA ;178966;GEOVANIA DE SÁ;nome,tokens,UF;3;3 sinais;SC;
1445;GERALDO RESENDE;74374;GERALDO RESENDE;nome,tokens,UF;3;3 sinais;MS;
3999;GILBERTO ABRAMO;204491;Gilberto Abramo;nome,tokens,UF;3;3 sinais;MG;
1568;GILBERTO NASCIMENTO;74270;GILBERTO NASCIMENTO;nome,tokens,UF;3;3 sinais;SP;
4383;GILSON DANIEL;220529;Gilson Daniel;nome,tokens,UF;3;3 sinais;ES;
9055;GILSON MARQUES;204365;Gilson Marques;nome,tokens,UF;3;3 sinais;SC;
2863;GIOVANI CHERINI;160673;GIOVANI CHERINI;nome,tokens,UF;3;3 sinais;RS;
2616;GLAUBER BRAGA;152605;GLAUBER BRAGA;nome,tokens,UF;3;3 sinais;RJ;
4011;GLEISI HOFFMANN;107283;Gleisi Hoffmann;nome,tokens,UF;3;3 sinais;PR;
4100;GREYCE ELIAS;198197;Greyce Elias;nome,tokens,UF;3;3 sinais;MG;
4386;GUILHERME BOULOS;220639;Guilherme Boulos;nome,tokens,UF;3;3 sinais;SP;
4387;GUILHERME UCHOA;220664;Guilherme Uchoa;nome,tokens,UF;3;3 sinais;PE;
4014;GUTEMBERG REIS;204456;Gutemberg Reis;nome,tokens,UF;3;3 sinais;RJ;
3298;HEITOR SCHUCH;178964;HEITOR SCHUCH;nome,tokens,UF;3;3 sinais;RS;
3312;HELDER SALOMAO;178873;HELDER SALOMÃO;nome,tokens,UF;3;3 sinais;ES;
4389;HELENA LIMA;220537;Helena Lima;nome,tokens,UF;3;3 sinais;RR,SP;
4102;HELIO LOPES;204444;Helio Lopes;nome,tokens,UF;3;3 sinais;RJ;
4390;HENDERSON PINTO;220672;Henderson Pinto;nome,tokens,UF;3;3 sinais;PA;
2397;HUGO LEAL;141450;HUGO LEAL;nome,tokens,UF;3;3 sinais;RJ;
2712;HUGO MOTTA;160674;HUGO MOTTA;nome,tokens,UF;3;3 sinais;PB;
4148;IGOR TIMO;204508;Igor Timo;nome,tokens,UF;3;3 sinais;MG;
3228;IVAN VALENTE;73531;IVAN VALENTE;nome,tokens,UF;3;3 sinais;SP;
4395;IVONEIDE CAETANO;220696;Ivoneide Caetano;nome,tokens,UF;3;3 sinais;BA;
4396;IZA ARRUDA;220670;Iza Arruda;nome,tokens,UF;3;3 sinais;PE;
4398;JADYEL ALENCAR;220697;Jadyel Alencar;nome,tokens,UF;3;3 sinais;PI;
1775;JANDIRA FEGHALI;74848;JANDIRA FEGHALI;nome,tokens,UF;3;3 sinais;RJ;
4399;JEFERSON RODRIGUES;220567;Jeferson Rodrigues;nome,tokens,UF;3;3 sinais;GO;
1581;JEFFERSON CAMPOS;74273;JEFFERSON CAMPOS;nome,tokens,UF;3;3 sinais;SP;
2528;JILMAR TATTO;141456;JILMAR TATTO;nome,tokens,UF;3;3 sinais;SP;
1270;JOAO CARLOS BACELAR;141458;JOÃO CARLOS BACELAR;nome,tokens,UF;3;3 sinais;BA;
3239;JOAO LEAO;74550;JOÃO LEÃO;nome,tokens,UF;3;3 sinais;BA;
2446;JOAO MAIA;141459;JOÃO MAIA;nome,tokens,UF;3;3 sinais;RN;
3692;JOAQUIM PASSARINHO;178910;JOAQUIM PASSARINHO;nome,tokens,UF;3;3 sinais;PA;
2802;JONAS DONIZETTE;160548;JONAS DONIZETTE;nome,tokens,UF;3;3 sinais;SP;
4152;JORGE BRAZ;205550;Jorge Braz;nome,tokens,UF;3;3 sinais;RJ;
4209;JORGE GOETTEN;214694;Jorge Goetten;nome,tokens,UF;3;3 sinais;SC;
3694;JORGE SOLLA;178857;JORGE SOLLA;nome,tokens,UF;3;3 sinais;BA;
2442;JOSE GUIMARAES;141470;JOSÉ GUIMARÃES;nome,tokens,UF;3;3 sinais;CE;
4153;JOSE MEDEIROS;204472;José Medeiros;nome,tokens,UF;3;3 sinais;MT;
4023;JOSE NELTO;204391;José Nelto;nome,tokens,UF;3;3 sinais;GO;
3262;JOSE ROCHA;74554;JOSÉ ROCHA;nome,tokens,UF;3;3 sinais;BA;
4190;JOSEILDO RAMOS;209189;Joseildo Ramos;nome,tokens,UF;3;3 sinais;BA;
4401;JULIA ZANATTA;220559;Julia Zanatta;nome,tokens,UF;3;3 sinais;SC;
4402;JULIANA CARDOSO;220640;Juliana Cardoso;nome,tokens,UF;3;3 sinais;SP;
4403;JULIO ARCOVERDE;66385;Julio Arcoverde;nome,tokens,UF;3;3 sinais;PI;
1246;JULIO CESAR;74317;JÚLIO CESAR;nome,tokens,UF;3;3 sinais;PI;
4110;JULIO CESAR RIBEIRO;204372;Julio Cesar Ribeiro;nome,tokens,UF;3;3 sinais;DF;
3924;JUNIO AMARAL;204520;JUNIO AMARAL;nome,tokens,UF;3;3 sinais;MG;
4404;KENISTON BRAGA;220677;Keniston Braga;nome,tokens,UF;3;3 sinais;PA;
4155;KIM KATAGUIRI;204536;Kim Kataguiri;nome,tokens,UF;3;3 sinais;SP;
4029;LAFAYETTE DE ANDRADA;98057;Lafayette de Andrada;nome,tokens,UF;3;3 sinais;MG;
3268;LAURA CARNEIRO;74856;LAURA CARNEIRO;nome,tokens,UF;3;3 sinais;RJ;
4407;LEDA BORGES;220566;Lêda Borges;nome,tokens,UF;3;3 sinais;GO;
1403;LEONARDO MONTEIRO;74156;LEONARDO MONTEIRO;nome,tokens,UF;3;3 sinais;MG;
4031;LEUR LOMANTO JUNIOR;92102;Leur Lomanto Júnior;nome,tokens,UF;3;3 sinais;BA;
2468;LIDICE DA MATA;139285;LÍDICE DA MATA;nome,tokens,UF;3;3 sinais;BA;
3595;LINCOLN PORTELA;74585;LINCOLN PORTELA;nome,tokens,UF;3;3 sinais;MG;
3273;LINDBERGH FARIAS;74858;Lindbergh Farias;nome,tokens,UF;3;3 sinais;RJ;
4409;LUCAS RAMOS;220662;Lucas Ramos;nome,tokens,UF;3;3 sinais;PE;
4033;LUCAS REDECKER;204404;Lucas Redecker;nome,tokens,UF;3;3 sinais;RS;
3539;LUCIANO BIVAR;74478;LUCIANO BIVAR;nome,tokens,UF;3;3 sinais;PE;
3705;LUCIANO DUCCI;178931;LUCIANO DUCCI;nome,tokens,UF;3;3 sinais;PR;
4411;LUCIANO VIEIRA;220616;Luciano Vieira;nome,tokens,UF;3;3 sinais;RJ;
4034;LUISA CANZIANI;204410;Luisa Canziani;nome,tokens,UF;3;3 sinais;PR;
1867;LUIZ CARLOS HAULY;73778;LUIZ CARLOS HAULY;nome,tokens,UF;3;3 sinais;PR;
1271;LUIZ COUTO;74041;LUIZ COUTO;nome,tokens,UF;3;3 sinais;PB;
2482;LUIZ FERNANDO FARIA;141487;LUIZ FERNANDO FARIA;nome,tokens,UF;3;3 sinais;MG;
4158;LUIZ LIMA;204455;Luiz Lima;nome,tokens,UF;3;3 sinais;RJ;
2874;LUIZ NISHIMORI;162332;LUIZ NISHIMORI;nome,tokens,UF;3;3 sinais;PR;
4036;LUIZ PHILIPPE DE ORLEANS E BRAGANCA;204526;Luiz Philippe de Orleans e Bragança;nome,tokens,UF;3;3 sinais;SP;
3611;LUIZA ERUNDINA;74784;LUIZA ERUNDINA;nome,tokens,UF;3;3 sinais;SP;
3710;LUIZIANNE LINS;178866;LUIZIANNE LINS;nome,tokens,UF;3;3 sinais;CE;
2935;MAGDA MOFATTO;166402;MAGDA MOFATTO;nome,tokens,UF;3;3 sinais;GO;
4116;MARCEL VAN HATTEM;156190;Marcel van Hattem;nome,tokens,UF;3;3 sinais;RS;
4416;MARCELO CRIVELLA;220599;Marcelo Crivella;nome,tokens,UF;3;3 sinais;RJ;
4418;MARCELO QUEIROZ;160161;Marcelo Queiroz;nome,tokens,UF;3;3 sinais;RJ;
3717;MARCIO ALVINO;178983;MARCIO ALVINO;nome,tokens,UF;3;3 sinais;SP;
3718;MARCIO BIOLCHI;179001;MÁRCIO BIOLCHI;nome,tokens,UF;3;3 sinais;RS;
4419;MARCIO HONAISER;220687;Márcio Honaiser;nome,tokens,UF;3;3 sinais;MA;
3893;MARCIO JERRY;81055;Márcio Jerry;nome,tokens,UF;3;3 sinais;MA;
2601;MARCIO MARINHO;150418;MARCIO MARINHO;nome,tokens,UF;3;3 sinais;BA;
4042;MARCOS AURELIO SAMPAIO;204431;Marcos Aurélio Sampaio;nome,tokens,UF;3;3 sinais;PI;
4420;MARCOS POLLON;220547;Marcos Pollon;nome,tokens,UF;3;3 sinais;MS;
3724;MARCOS SOARES;178943;MARCOS SOARES;nome,tokens,UF;3;3 sinais;RJ;
4421;MARCOS TAVARES;220604;Marcos Tavares;nome,tokens,UF;3;3 sinais;RJ;
4422;MARIA ARRAES;220668;Maria Arraes;nome,tokens,UF;3;3 sinais;PE;
1983;MARIA DO ROSARIO;74398;MARIA DO ROSÁRIO;nome,tokens,UF;3;3 sinais;RS;
4119;MARIA ROSAS;204540;Maria Rosas;nome,tokens,UF;3;3 sinais;SP;
4423;MARIO FRIAS;220655;Mario Frias;nome,tokens,UF;3;3 sinais;SP;
1405;MARIO HERINGER;74158;MÁRIO HERINGER;nome,tokens,UF;3;3 sinais;MG;
4424;MARUSSA BOLDRIN;220572;Marussa Boldrin;nome,tokens,UF;3;3 sinais;GO;
4426;MAURICIO CARVALHO;220609;Maurício Carvalho;nome,tokens,UF;3;3 sinais;RO;
4428;MAURICIO MARCON;220550;Mauricio Marcon;nome,tokens,UF;3;3 sinais;RS;
4046;MAURO BENEVIDES FILHO;204486;Mauro Benevides Filho;nome,tokens,UF;3;3 sinais;CE;
4430;MAX LEMOS;220607;Max Lemos;nome,tokens,UF;3;3 sinais;RJ;
3299;MENDONCA FILHO;74428;MENDONÇA FILHO;nome,tokens,UF;3;3 sinais;PE;
3822;MERLONG SOLANO;188097;MERLONG SOLANO;nome,tokens,UF;3;3 sinais;PI;
4433;MESSIAS DONATO;220530;Messias Donato;nome,tokens,UF;3;3 sinais;ES;
4434;MIGUEL ANGELO;171786;Miguel Ângelo;nome,tokens,UF;3;3 sinais;MG;
3730;MIGUEL LOMBARDI;178985;MIGUEL LOMBARDI;nome,tokens,UF;3;3 sinais;SP;
3731;MISAEL VARELLA;178895;MISAEL VARELLA;nome,tokens,UF;3;3 sinais;MG;
3733;MOSES RODRIGUES;178997;MOSES RODRIGUES;nome,tokens,UF;3;3 sinais;CE;
4435;MURILLO GOUVEA;220617;Murillo Gouvea;nome,tokens,UF;3;3 sinais;RJ;
4436;MURILO GALDINO;220584;Murilo Galdino;nome,tokens,UF;3;3 sinais;PB;
4163;NATALIA BONAVIDES;204453;Natália Bonavides;nome,tokens,UF;3;3 sinais;RN;
4439;NIKOLAS FERREIRA;209787;Nikolas Ferreira;nome,tokens,UF;3;3 sinais;MG;
3735;NILTO TATTO;178986;NILTO TATTO;nome,tokens,UF;3;3 sinais;SP;
1407;ODAIR CUNHA;74159;ODAIR CUNHA;nome,tokens,UF;3;3 sinais;MG;
3737;ORLANDO SILVA;178987;ORLANDO SILVA;nome,tokens,UF;3;3 sinais;SP;
9048;OSMAR TERRA;73692;OSMAR TERRA;nome,tokens,UF;3;3 sinais;RS;
4050;OSSESIO SILVA;204422;Ossesio Silva;nome,tokens,UF;3;3 sinais;PE;
4123;OTTO ALENCAR FILHO;204573;Otto Alencar Filho;nome,tokens,UF;3;3 sinais;BA;
1408;PATRUS ANANIAS;74160;PATRUS ANANIAS;nome,tokens,UF;3;3 sinais;MG;
2487;PAULO ABI-ACKEL;141516;PAULO ABI-ACKEL;nome,tokens,UF;3;3 sinais;MG;
4444;PAULO ALEXANDRE BARBOSA;220650;Paulo Alexandre Barbosa;nome,tokens,UF;3;3 sinais;SP;
3738;PAULO AZI;178860;PAULO AZI;nome,tokens,UF;3;3 sinais;BA;
4167;PAULO GUEDES;204492;Paulo Guedes;nome,tokens,UF;3;3 sinais;MG;
4477;PAULO LEMOS (EX-PARLAMENTAR SILVIA WAIAPI, NOS TERMOS ART. 78 LDO 2025 E DA MENS;233592;Paulo Lemos;nome,tokens,UF;3;3 sinais;AP;
3568;PAULO MAGALHAES;74574;PAULO MAGALHÃES;nome,tokens,UF;3;3 sinais;BA;
4446;PEDRO AIHARA;220630;Pedro Aihara;nome,tokens,UF;3;3 sinais;MG;
4447;PEDRO CAMPOS;220667;Pedro Campos;nome,tokens,UF;3;3 sinais;PE;
4125;PEDRO LUCAS FERNANDES;122974;Pedro Lucas Fernandes;nome,tokens,UF;3;3 sinais;MA;
2787;PEDRO PAULO;122158;PEDRO PAULO;nome,tokens,UF;3;3 sinais;RJ;
2855;PEDRO UCZAI;160604;PEDRO UCZAI;nome,tokens,UF;3;3 sinais;SC;
4168;PEDRO WESTPHALEN;204406;Pedro Westphalen;nome,tokens,UF;3;3 sinais;RS;
3666;POMPEO DE MATTOS;73486;POMPEO DE MATTOS;nome,tokens,UF;3;3 sinais;RS;
4452;RAFAEL BRITO;220586;Rafael Brito;nome,tokens,UF;3;3 sinais;AL;
4453;RAFAEL PRUDENTE;220532;Rafael Prudente;nome,tokens,UF;3;3 sinais;DF;
4454;RAFAEL SIMOES;220626;Rafael Simoes;nome,tokens,UF;3;3 sinais;MG;
4128;RAIMUNDO COSTA;204567;Raimundo Costa;nome,tokens,UF;3;3 sinais;BA;
1411;REGINALDO LOPES;74161;REGINALDO LOPES;nome,tokens,UF;3;3 sinais;MG;
4455;REGINETE BISPO;221378;Reginete Bispo;nome,tokens,UF;3;3 sinais;RS;
3746;RENATA ABREU;178989;RENATA ABREU;nome,tokens,UF;3;3 sinais;SP;
4457;RENILCE NICODEMOS;153423;Renilce Nicodemos;nome,tokens,UF;3;3 sinais;PA;
1690;RENILDO CALHEIROS;73801;RENILDO CALHEIROS;nome,tokens,UF;3;3 sinais;PE;
4459;RICARDO AYRES;220543;Ricardo Ayres;nome,tokens,UF;3;3 sinais;TO;
3332;RICARDO BARROS;73788;RICARDO BARROS;nome,tokens,UF;3;3 sinais;PR;
4062;RICARDO GUIDI;204362;Ricardo Guidi;nome,tokens,UF;3;3 sinais;SC;
4460;RICARDO MAIA;220694;Ricardo Maia;nome,tokens,UF;3;3 sinais;BA;
4461;RICARDO SALLES;220633;Ricardo Salles;nome,tokens,UF;3;3 sinais;SP;
9162;ROBERIO MONTEIRO;204489;Robério Monteiro;nome,tokens,UF;3;3 sinais;CE;
4462;ROBERTA ROMA;220693;Roberta Roma;nome,tokens,UF;3;3 sinais;BA;
4463;ROBERTO DUARTE;220588;Roberto Duarte;nome,tokens,UF;3;3 sinais;AC;
4465;ROBINSON FARIA;220624;Robinson Faria;nome,tokens,UF;3;3 sinais;RN;
4466;RODOLFO NOGUEIRA;220546;Rodolfo Nogueira;nome,tokens,UF;3;3 sinais;MS;
2488;RODRIGO DE CASTRO;141531;RODRIGO DE CASTRO;nome,tokens,UF;3;3 sinais;MG;
4469;RODRIGO VALADARES;165470;Rodrigo Valadares;nome,tokens,UF;3;3 sinais;SE;
4470;ROGERIA SANTOS;220695;Rogéria Santos;nome,tokens,UF;3;3 sinais;BA;
4064;ROGERIO CORREIA;204480;Rogério Correia;nome,tokens,UF;3;3 sinais;MG;
2714;ROMERO RODRIGUES;160629;ROMERO RODRIGUES;nome,tokens,UF;3;3 sinais;PB;
4171;ROSANA VALLE;204525;Rosana Valle;nome,tokens,UF;3;3 sinais;SP;
3756;ROSANGELA GOMES;178945;ROSANGELA GOMES;nome,tokens,UF;3;3 sinais;RJ;
4471;ROSANGELA MORO;220644;Rosângela Moro;nome,tokens,UF;3;3 sinais;SP;
4472;ROSANGELA REIS;220620;Rosângela Reis;nome,tokens,UF;3;3 sinais;MG;
1651;ROSEANA SARNEY;73806;Roseana Sarney;nome,tokens,UF;3;3 sinais;MA;
1960;RUBENS OTONI;74371;RUBENS OTONI;nome,tokens,UF;3;3 sinais;GO;
3758;RUBENS PEREIRA JUNIOR;178887;RUBENS PEREIRA JÚNIOR;nome,tokens,UF;3;3 sinais;MA;
9032;RUI FALCAO;73604;Rui Falcão;nome,tokens,UF;3;3 sinais;SP;
2715;RUY CARNEIRO;160635;RUY CARNEIRO;nome,tokens,UF;3;3 sinais;PB;
4130;SAMIA BOMFIM;204535;Sâmia Bomfim;nome,tokens,UF;3;3 sinais;SP;
4473;SAMUEL VIANA;220631;Samuel Viana;nome,tokens,UF;3;3 sinais;MG;
2847;SANDRO ALEX;160621;SANDRO ALEX;nome,tokens,UF;3;3 sinais;PR;
4512;SAULO PEDROSO;226837;Saulo Pedroso;nome,tokens,UF;3;3 sinais;SP;
2471;SERGIO BRITO;73808;SÉRGIO BRITO;nome,tokens,UF;3;3 sinais;BA;
3809;SERGIO SOUZA;178933;SERGIO SOUZA;nome,tokens,UF;3;3 sinais;PR;
4068;SIDNEY LEITE;204557;Sidney Leite;nome,tokens,UF;3;3 sinais;AM;
3496;SILAS CAMARA;74356;SILAS CÂMARA;nome,tokens,UF;3;3 sinais;AM;
4173;SILVIA CRISTINA;204360;Silvia Cristina;nome,tokens,UF;3;3 sinais;RO;
4478;SILVYE ALVES;220569;Silvye Alves;nome,tokens,UF;3;3 sinais;GO;
4480;SOCORRO NERI;104552;Socorro Neri;nome,tokens,UF;3;3 sinais;AC;
3765;SORAYA SANTOS;178946;SORAYA SANTOS;nome,tokens,UF;3;3 sinais;RJ;
3766;SOSTENES CAVALCANTE;178947;SÓSTENES CAVALCANTE;nome,tokens,UF;3;3 sinais;RJ;
2924;STEFANO AGUIAR;92776;STEFANO AGUIAR;nome,tokens,UF;3;3 sinais;MG;
4132;TABATA AMARAL;204534;Tabata Amaral;nome,tokens,UF;3;3 sinais;SP;
4482;TADEU VENERI;220682;Tadeu Veneri;nome,tokens,UF;3;3 sinais;PR;
4070;TALIRIA PETRONE;204464;Talíria Petrone;nome,tokens,UF;3;3 sinais;RJ;
4483;TARCISIO MOTTA;220598;Tarcísio Motta;nome,tokens,UF;3;3 sinais;RJ;
4486;THIAGO FLORES;220597;Thiago Flores;nome,tokens,UF;3;3 sinais;RO;
2429;TIAGO DIMAS (EX-PARLAMENTAR LAZARO BOTELHO, NOS TERMOS ART. 78 LDO 2025 E DA MEN;143084;Tiago Dimas;nome,tokens,UF;3;3 sinais;TO;
4175;TULIO GADELHA;157130;Túlio Gadêlha;nome,tokens,UF;3;3 sinais;PE;
2750;VALMIR ASSUNCAO;160610;VALMIR ASSUNÇÃO;nome,tokens,UF;3;3 sinais;BA;
1451;VANDER LOUBET;74376;VANDER LOUBET;nome,tokens,UF;3;3 sinais;MS;
2517;VINICIUS CARVALHO;141555;VINICIUS CARVALHO;nome,tokens,UF;3;3 sinais;SP;
2676;VINICIUS GURGEL;160591;VINICIUS GURGEL;nome,tokens,UF;3;3 sinais;AP;
3777;VITOR LIPPI;178992;VITOR LIPPI;nome,tokens,UF;3;3 sinais;SP;
4488;WALDEMAR OLIVEIRA;91228;Waldemar Oliveira;nome,tokens,UF;3;3 sinais;PE;
2751;WALDENOR PEREIRA;160569;WALDENOR PEREIRA;nome,tokens,UF;3;3 sinais;BA;
2768;WELITON PRADO;160518;WELITON PRADO;nome,tokens,UF;3;3 sinais;MG;
1277;WELLINGTON ROBERTO;74043;WELLINGTON ROBERTO;nome,tokens,UF;3;3 sinais;PB;
1283;WILSON SANTIAGO;74044;WILSON SANTIAGO;nome,tokens,UF;3;3 sinais;PB;
7106;BANCADA DA BAHIA;;;;0;coletivo (bancada/comissao);BA;
7116;BANCADA DA PARAIBA;;;;0;coletivo (bancada/comissao);PB;
7103;BANCADA DE ALAGOAS;;;;0;coletivo (bancada/comissao);AL;
7110;BANCADA DE GOIAS;;;;0;coletivo (bancada/comissao);GO;
7114;BANCADA DE MINAS GERAIS;;;;0;coletivo (bancada/comissao);MG;
7118;BANCADA DE PERNAMBUCO;;;;0;coletivo (bancada/comissao);PE;
7123;BANCADA DE RONDONIA;;;;0;coletivo (bancada/comissao);RO,SP;
7124;BANCADA DE RORAIMA;;;;0;coletivo (bancada/comissao);RR;
7126;BANCADA DE SANTA CATARINA;;;;0;coletivo (bancada/comissao);SC;
7125;BANCADA DE SAO PAULO;;;;0;coletivo (bancada/comissao);SP;
7127;BANCADA DE SERGIPE;;;;0;coletivo (bancada/comissao);SE,SP;
7128;BANCADA DE TOCANTINS;;;;0;coletivo (bancada/comissao);TO;
7102;BANCADA DO ACRE;;;;0;coletivo (bancada/comissao);AC;
7105;BANCADA DO AMAPA;;;;0;coletivo (bancada/comissao);AP;
7104;BANCADA DO AMAZONAS;;;;0;coletivo (bancada/comissao);AM;
7107;BANCADA DO CEARA;;;;0;coletivo (bancada/comissao);CE;
7108;BANCADA DO DISTRITO FEDERAL;;;;0;coletivo (bancada/comissao);DF;
7109;BANCADA DO ESPIRITO SANTO;;;;0;coletivo (bancada/comissao);ES;
7111;BANCADA DO MARANHAO;;;;0;coletivo (bancada/comissao);MA;
7112;BANCADA DO MATO GROSSO;;;;0;coletivo (bancada/comissao);MT;
7113;BANCADA DO MATO GROSSO DO SUL;;;;0;coletivo (bancada/comissao);MS;
7115;BANCADA DO PARA;;;;0;coletivo (bancada/comissao);PA;
7117;BANCADA DO PARANA;;;;0;coletivo (bancada/comissao);PR;
7119;BANCADA DO PIAUI;;;;0;coletivo (bancada/comissao);PI;
7120;BANCADA DO RIO DE JANEIRO;;;;0;coletivo (bancada/comissao);RJ;
7121;BANCADA DO RIO GRANDE DO NORTE;;;;0;coletivo (bancada/comissao);RN;
7122;BANCADA DO RIO GRANDE DO SUL;;;;0;coletivo (bancada/comissao);RS;
6012;COM. AGRICULTURA E REFORMA AGRARIA;;;;0;coletivo (bancada/comissao);;
5010;COM. AGRICULTURA PEC ABAST D. RURAL;;;;0;coletivo (bancada/comissao);;
6006;COM. ASSUNTOS SOCIAIS;;;;0;coletivo (bancada/comissao);;
5041;COM. DA SAUDE;;;;0;coletivo (bancada/comissao);;
5048;COM. DE INTEGRACAO NACIONAL E DES. REGIONAL;;;;0;coletivo (bancada/comissao);;
6011;COM. DESENV REGIONAL E TURISMO;;;;0;coletivo (bancada/comissao);;
5023;COM. DESENV. URBANO;;;;0;coletivo (bancada/comissao);;
5006;COM. ESPORTE;;;;0;coletivo (bancada/comissao);;
5007;COM. TURISMO;;;;0;coletivo (bancada/comissao);;
4281;AUGUSTA BRITO;;;;0;nao resolvido;CE;
4364;DUARTE JR.;;;;0;nao resolvido;;
4285;FERNANDO FARIAS;;;;0;nao resolvido;AL;
4273;JORGE SEIF;;;;0;nao resolvido;SC;
4161;MARCOS PEREIRA;;;;0;nao resolvido;;
4093;MECIAS DE JESUS;;;;0;nao resolvido;RR,SP;
4052;PASTOR GIL;;;;0;nao resolvido;;
2532;PAULINHO DA FORCA;;;;0;nao resolvido;;
2813;PAULO FREIRE COSTA;;;;0;nao resolvido;SP;
2812;PR. MARCO FELICIANO;;;;0;nao resolvido;SP;
4178;RODRIGO CUNHA;;;;0;nao resolvido;;
4484;ZUCCO;;;;0;nao resolvido;RS;
